Company Name,URL,Directors
JOHN KEELLS HOLDINGS PLC,https://www.keells.com/leadership/,"Amal Cabraal, Dr Wijayasuriya, Krishan Balendra"
L O L C HOLDINGS PLC,https://www.lolc.com/directors,"Mrs Amarasinghe, K U Amarasinghe, Kalsha Amarasinghe, Kapila Jayawardena, Ravi Fernando, Ravi Fernando 
 Non-"
CEYLON TOBACCO COMPANY PLC,https://www.ceylontobaccocompany.com/who-we-are/corporate-governance/our-leadership,"GARY TARRANT, STUART KIDD, FARIYHA SUBHANI, SURESH SHAH"
COMMERCIAL BANK OF CEYLON PLC,https://www.combank.lk/about-us,"Palitha Kumarasinghe, Thushara Wijewardena, Lakshman Niyangoda, Nimal Fernando, Judy Lee, Sivakumar Selliah, Yohan Perera, Raja Senanayake"
LOLC FINANCE PLC,https://www.lolcfinance.com/about-us/board-of-directors/,"Conrad Dias, Chamila Priyangani, Chamila Priyangani - Independent Non-, Krishan Thilakaratne, F K C P N Dias - / Non, de Zylva"
DISTILLERIES COMPANY OF SRI LANKA PLC,https://www.marketscreener.com/quote/stock/DISTILLERIES-COMPANY-OF-S-6495013/company/,"Cedric Jansz, Deshamanya Jayawardena, Kolitha Jagath Kahanda, Nimal N. Nagahawatte"
MELSTACORP PLC,https://melstacorp.com/group/directors,"D. S. T. Jayawardena, Damien Fernando, D. S. T. Ja, K. J. Kahanda, D. Hasitha, M. R. Mihular, C. R. Jansz, K. J. K, N. De S. Deva Aditya 
 Non-Independent, M. A. N. S. Perera"
HATTON NATIONAL BANK PLC,https://www.hnb.net/about-the-bank/corporate-management/board-of-directors,Nanda Fernando
CARGILLS (CEYLON) PLC,https://www.cargillsceylon.com/about-us/,"Abdul Wahid, Ranjit Page, al warehouse, Ganesan Ampalavanar, Albert A. Page, Imtiaz Abdul Wahid, Louis Page"
SRI LANKA TELECOM PLC,https://www.slt.lk/en/about-us/profile/management,"Chan Chee Beng, Mr Amaraseker, Mr Amarasekera, Mothilal de Silva"
HAYLEYS PLC,https://www.hayleys.com/leadership/,"Mohan Pandithage, Rejoined Hayleys, Dhammika Perera, Sarath Ganegoda, Rajitha Kariyawasan, Harsha Cabral"
CARSON CUMBERBATCH PLC,https://www.marketscreener.com/quote/stock/CARSON-CUMBERBATCH-PLC-20702503/company/,"Deshabandu Tilak de Zoysa, Aneesh Dudeja"
HEMAS HOLDINGS PLC,https://hemas.com/about.html,"Dinesh Athapaththu, Ravi Jayasekera, J.L. Morison, Ajith Fernando, Anura Ekanayake, Sabrina Esuf, Husein Esufally, Morison Limited"
VALLIBEL ONE PLC,https://vallibelone.com/leadership,"Dhammika Perera, Harsha Amarasekara"
CEYLINCO HOLDINGS PLC,https://www.ceylincolife.com/our-leadership/,"Mr Ranasinghe, R. Renganathan, J. Durairatnam, P. D. M. Cooray, Robert H. Schuller, Family Savari"
RICHARD PIERIS AND COMPANY PLC,https://www.marketscreener.com/quote/stock/RICHARD-PIERIS-AND-COMPAN-6500545/company/,"RICHARD PIERIS, W. Joseph Vivile Praxidus Perera, Shaminda Yaddehige
                             COO, Richard Pieris, Sena Yaddehige"
NATIONS TRUST BANK PLC,https://www.nationstrust.com/about-us/our-story/board-of-directors,"Hemantha Gunetilleke 
 Director, Arjun Fernando 
 Non, Roshan Anne Perera, Ramesh Shanmuganathan 
 Non, Russell De Mel, Arjun Fernando, Sherin Cader, Sanjeev Jha 
 Non"
AITKEN SPENCE PLC,https://www.aitkenspence.com/corporate-governance/board-of-directors,"R.M. Fernando, Harry Jayawardena, Stasshani Jayawardena, Bhathiya Bulumulla, M.P. Dissanayake, Aitken Spence, Parakrama Dissanayake, Deshantha Silva, Rohan Fernando, Rajan Brito, Deshamanya D.H.S., N.J. De, J.M.S. Brito, the Aitken Spence"
LB FINANCE PLC,https://www.lbfinance.com/board-of-directors,Mudarabah Savings
ROYAL CERAMICS LANKA PLC,https://rocell.com/en/investor-relations,"S. Jayaweera, T. G. Thoradeniya, M. Y. A. Perera, S. M. Liyanage, H. Amarasekera 
 Co-, G. A. R. D. Prasanna, J. Gunaratne, K. A. D. D. Perera, B Perera, N. J. Weerakoon 
 Director, A. M. Weerasinghe"
ACCESS ENGINEERING PLC,https://accessengsl.com/who-we-are/board-of-directors/,"Joseph Joshua, Dilhan Perera, Sumal Perera"
SINGER (SRI LANKA) PLC,https://www.singersl.com/board-of-directors?srsltid=AfmBOorBH-BV9gMhZC5wANrghI7xeTXakPFUuW8W7mHYM_WR2FNf7pRK,"Gayani De Alwis, Mahesh Wijewardene, Deepal Sooriyaarachchi, Mohan Pandithage, Islandwide Delivery Trusted Warranty, Sujeewa Perera, Kapila Perera, Dilip Kumar De Silva Wijeyeratne, Mohamed Hisham Jamaldeen"
SENKADAGALA FINANCE COMPANY PLC,https://www.senfin.com/about_pop1.html,"Ajith Ferna, Sanath Bandaranayake, Prathap Ramanujam, Sanath Bandaranaya, W. M. RavindraSrilal Dias, Hubert H Humphrey, Lakshman Balasuriya - MD, Asoka Balasuriya, Mahendra Balasuriya, Ajith Fernando - Director - FCMA(UK, Lakshmi Fernando -"
PEOPLE'S LEASING & FINANCE PLC,https://www.plc.lk/about-us/board-of-directors/,"Pravir Dhanoush, Pravir Dhanoush Samarasinghe"
C I C HOLDINGS PLC,https://www.marketscreener.com/quote/stock/CIC-HOLDINGS-PLC-6499175/company/,"Shiran Harsha Amarasekera, P. Aroshan Seresinhe"
WINDFORCE PLC,https://windforce.lk/management/,"Hussain Akbarally, Asgi Akbarally, Huzefa Akbarally 
Non-Exec, Manjula Perera"
CHEVRON LUBRICANTS LANKA PLC,https://chevron.lk/leadership/,"Bertram Paul 
 Managing, Erande De Silva, Danielle Lincoln 
 Chairpers, Danielle Lincoln, Leadership 
 
 
 
 
 
 
 
 
 
 
 
 
 
 
 
  People, Erande De Silva 
 Exec, Danielle Lincoln 
 Chairperson, Harsha Cabral, Haider Manasawala 
 Non-"
UNION ASSURANCE PLC,https://unionassurance.com/our-team/,"Stephen Appleyard, Stephen Anthony"
ASIRI HOSPITAL HOLDINGS PLC,https://www.marketscreener.com/quote/stock/ASIRI-HOSPITAL-HOLDINGS-P-16746248/company/,"Ashok Kariyawasam Pathirage, K. Karunaratne, Sudath Hewage"
ACL CABLES PLC,https://acl.lk/board_of_directors,"U. G. Madanayake, N. C. Mad, Ajit Jaya, Hemaka Amarasuriya, N. C. Madanayake, N.C. Madanayake, Suren Madanayake, U.G. Madanayake"
JOHN KEELLS HOTELS PLC,https://www.keells.com/leadership/,"Amal Cabraal, Dr Wijayasuriya, Krishan Balendra"
HATTON NATIONAL BANK PLC,https://www.hnb.net/about-the-bank/corporate-management/board-of-directors,Nanda Fernando
AMBEON HOLDINGS PLC,https://ambeonholdings.com/board-of-directors/,Sujeewa Mudalige
AITKEN SPENCE HOTEL HOLDINGS PLC,https://www.aitkenspence.com/corporate-governance/board-of-directors,"R.M. Fernando, Harry Jayawardena, Stasshani Jayawardena, Bhathiya Bulumulla, M.P. Dissanayake, Aitken Spence, Parakrama Dissanayake, Deshantha Silva, Rohan Fernando, Rajan Brito, Deshamanya D.H.S., N.J. De, J.M.S. Brito, the Aitken Spence"
AMBEON CAPITAL PLC,"https://www.ft.lk/front-page/Changes-in-Boards-of-Ambeon-companies/44-762324#:~:text=With%20the%20latest%20appointment%2C%20the,Sujeewa%20Mudalige%2C%20Group%20CEO%20Dr.","Savanth Sebastian, A.G. Weerasinghe, Sujeewa Mudalige, Yudy Kanagasabai, Sajeeva Narangoda, Dilush Perera, Ajith Devasurendra, Ambeon Capi, Mangala Boyagoda, Samresh Kumar"
DIGITAL MOBILITY SOLUTIONS LANKA PLC,https://pickme.lk/about-pickme,Zulfer Jiffry
ASIAN HOTELS AND PROPERTIES PLC,https://www.marketscreener.com/quote/stock/ASIAN-HOTELS-AND-PROPERTI-6499167/company/,"Suresh Rajendra, Joseph Gihan Adisha Cooray, Changa Gunawardane, Krishan Niraj J. Balendra"
DILMAH CEYLON TEA COMPANY PLC,https://www.marketscreener.com/quote/stock/DILMAH-CEYLON-TEA-COMPANY-13396505/company/,"Chrishantha Fernando, Himendra Ranaweera, Minette Perera, Darshana Gunasekera"
SOFTLOGIC LIFE INSURANCE PLC,https://softlogiclife.lk/board-of-directors/,"Raimund Snyders, V. Govindasamy, Visvanathamoorthy Govindasamy, Ashok Pathirage"
TOKYO CEMENT COMPANY (LANKA) PLC,https://www.marketscreener.com/quote/stock/TOKYO-CEMENT-COMPANY-LANK-6499191/company/,"Wadugamudalige Dias, Harsha Cabral, Simon Gnanam, Warnakulasuriya Christopher Fernando"
SEYLAN BANK PLC,https://www.seylan.lk/about-us/board-of-directors,"Buwaneka Aluwihare, Mrs Salgado, Krishan Thilakaratne"
COMMERCIAL CREDIT AND FINANCE PLC,https://www.cclk.lk/about-us/board-of-directors/en,"RAJIV CASIE CHITTY, Profile

     
 
 
 
 

      Overview

     
 
 
 
 

      History, R.S. EGODAGE"
CAPITAL ALLIANCE PLC,https://cal.lk/board-of-directors/,"Dinesh De Zoysa, De Zoysa"
THE LANKA HOSPITALS CORPORATION PLC,https://www.lankahospitals.com/about/board-of-directors/,Nilupul Perera
HAYLEYS FABRIC PLC,https://www.hayleysfabric.com/index.php/who-we-are/hayleys-fabric-leadership,"Nanda Fernando, A.M. Pandithage, Mohan Pandithage, Brindhiini Perera, A. M. PANDITHAGE -, E. R. P. GOONETILLEKE - Managing, Eranga Rohan Peiris Goonetilleke"
LANKA MILK FOODS (CWE) PLC,https://www.lmfgroup.lk/board-of-directors/,"Bill Clinton, C. Royle Jansz, Hasitha Jayawardena, Thusitha Cooray, Hilary Rodham Clinton"
SEYLAN BANK PLC,https://www.seylan.lk/about-us/board-of-directors,"Buwaneka Aluwihare, Mrs Salgado, Krishan Thilakaratne"
First Capital Treasuries PLC,"https://www.ft.lk/financial-services/First-Capital-Treasuries-appoints-Channa-de-Silva-to-Board-of-Directors/42-771258#:~:text=With%20this%20appointment%2C%20The%20Board,de%20Silva%20and%20Sachith%20Perera.","de Silva, Channa de Silva"
CITIZENS DEVELOPMENT BUSINESS FINANCE PLC,https://www.cdb.lk/about-us,"Alastair Corera, Mahesh Nanayakkara, Jagath Abhayaratne"
VALLIBEL FINANCE PLC,https://www.vallibelfinance.com/board-of-directors,"K. D. A. Perera, S. B. Rangamuwa 
 Managing, Anuradha Perera"
JAT HOLDINGS PLC,https://jatholdings.com/leadership/board-of-directors,"Aelian Gunawardene, Sivakumar Selliah"
KOTMALE HOLDINGS PLC,https://www.marketscreener.com/quote/stock/KOTMALE-HOLDINGS-PLC-20703688/company/,"Abdul Wahid, Nimal Gunaratne, Valentine Page, vernance
                 
                    Composition of the Board of, Mohamed Imtiaz, Saranga Wijesundara"
VIDULLANKA PLC,https://vidullanka.com/about-us/,"Read Bio, Read Bio Deepthie Wickramasuriya Indepen, Read Bio Riyaz Sangani, Read Bio Deepthie Wickramasuriy, Read Bio Sattar Kassim, Read Bio M. Rizvi Zaheed, Osman Kassim, Bio Shahid M. Sangani Non-, Bio Ranjan Mather Non-, Read Bio Deepthie Wickramasuriya"
AMANA BANK PLC,https://www.amanabank.lk/about-us/board-of-directors.html,"Asgi Akbarally, Ali Asghar, Mohamed Azmeer"
MALWATTE VALLEY PLANTATION PLC,https://www.malwattevalley.com/about/the-board-of-directors/,Malwatte Valley Plan
NATIONS TRUST BANK PLC,https://www.nationstrust.com/about-us/our-story/board-of-directors,"Hemantha Gunetilleke 
 Director, Arjun Fernando 
 Non, Roshan Anne Perera, Ramesh Shanmuganathan 
 Non, Russell De Mel, Arjun Fernando, Sherin Cader, Sanjeev Jha 
 Non"
HNB ASSURANCE PLC,https://www.hnbassurance.com/board,"Damien Fernando, Stuart Chapman, Ashoka Goonesekere, Nagarro SE"
PRIME LANDS RESIDENCIES PLC,https://www.marketscreener.com/quote/stock/PRIME-LANDS-RESIDENCIES-P-124598591/company/,"Brahmanage Premalal, Harshana Kulatilaka, Rukmal Perera, N. Manjula Weerakkody"
COMMERCIAL BANK OF CEYLON PLC,https://www.combank.lk/about-us,"Palitha Kumarasinghe, Thushara Wijewardena, Lakshman Niyangoda, Nimal Fernando, Judy Lee, Sivakumar Selliah, Yohan Perera, Raja Senanayake"
SOFTLOGIC HOLDINGS PLC,https://www.softlogic.lk/board-of-director,"Prasantha Lal De Alwis, Roshan Rassool, Hemantha Gunawardena, Prashantha Lal De Alwis, Shirish Saraf, Ashok Pathirage, De Alwis"
LAUGFS GAS PLC,https://en.wikipedia.org/wiki/LAUGFS_Gas,"W. K. H. Wegapitiya, Thilak De Silva"
VALLIBEL POWER ERATHNA PLC,https://vallibel-hydro.com/about-us/board-of-directors.php,"Harsha Amarasekera, Prabodha Sumanasekera, P. K. Sumanasekera, Dinusha Bhaskaran"
DIESEL & MOTOR ENGINEERING PLC,https://www.dimolanka.com/about-us/our-team/,"Joint Manag, Mohan Pandithage, Ranjith Pandithage, Mohan Pandithage  
 X"
UNITED MOTORS LANKA PLC,https://www.unitedmotors.lk/company/board-of-directors,"Hiroshini Fernando 
 Non-, Stuart Chapman, United Automart, Chanaka Yatawara, Devaka Cooray"
TOKYO CEMENT COMPANY (LANKA) PLC,https://www.marketscreener.com/quote/stock/TOKYO-CEMENT-COMPANY-LANK-6499191/company/,"Wadugamudalige Dias, Harsha Cabral, Simon Gnanam, Warnakulasuriya Christopher Fernando"
ALUMEX PLC,https://www.marketscreener.com/quote/stock/ALUMEX-PLC-20707929/company/,"Antonio Jonathan Alles, R. Rajapaksha, nance
                 
                    Composition of, Abeyakumar Mohan Pandithage, Dediwela Dediwela"
CEYLINCO HOLDINGS PLC,https://www.ceylincolife.com/our-leadership/,"Mr Ranasinghe, R. Renganathan, J. Durairatnam, P. D. M. Cooray, Robert H. Schuller, Family Savari"
GALADARI HOTELS (LANKA) PLC,https://www.marketscreener.com/quote/stock/GALADARI-HOTELS-LANKA-PLC-20702502/company/,"Venkatramanan Radhakrishnan, Mohammed Abdullatif Ibrahim Galadari, Lalith de Silva"
ELPITIYA PLANTATIONS PLC,https://www.elpitiya.com/board-of-directors/,"Dr Ravi Fernando, D.C. Fernando, Ravi Fernando, M. P. Dissanayake, D. A. de S. Wickremanayake, Rohan Fernando"
E B CREASY & COMPANY PLC,https://en.wikipedia.org/wiki/E._B._Creasy_%26_Company,"E. B. Creasy & Creasy Company type, Edward Bennet Creasy Headquarters Colombo, S. Rajaratnam, S. D. R. Arudpragasam, R. Seevaratnam"
MERCANTILE INVESTMENTS AND FINANCE PLC,https://mi.com.lk/en/about-us/board-of-directors,"Angeline Myrese Ondaatjie, Anil Lasantha Naomal Dias, John Ondaatjie, Gerard George Ondaatjie"
SIERRA CABLES PLC,https://www.sierracables.com/our-team/board-of-directors.html,"W. D. C. H. Jayatunga, W. D. C. H. JAYATUNGA"
NAWALOKA HOSPITALS PLC,https://nawalokamedicare.com/director-board/,"Harshula Dharmadasa, Lakkumar Fernando, Chandana Perera, Aruna Gayan, Thenuka Dissanayaka, Harshith Dharmadasa"
JETWING SYMPHONY PLC,https://www.jetwinghotels.com/about-jetwing-hotels/our-personalities/,"Jetwing Lake, Jetwing Hotels, Jetwing Kurulubedda Je, Dmitri Cooray"
C I C HOLDINGS PLC,https://www.marketscreener.com/quote/stock/CIC-HOLDINGS-PLC-6499175/company/,"Shiran Harsha Amarasekera, P. Aroshan Seresinhe"
TALAWAKELLE TEA ESTATES PLC,https://talawakelleteas.com/management_team,"Roshan Rajadurai, S B Alawattegama, M J Fernando, A M Pandithage"
HNB FINANCE PLC,https://www.hnbfinance.lk/about-us/board-of-directors/,"Chaminda Prabhath, Hasitha Wijesundara, Rajive Dissanayake"
HATTON PLANTATIONS PLC,https://hattonplantations.lk/board-of-directors/,"Menaka Athukorala, GARY SEATON, Gary Seaton, Gowri Shankar"
AGALAWATTE PLANTATIONS PLC,https://agalawatte.geviscreations.com/corporate-profile/,"A.S. Amarasuriya, W.A.A Asanga, S.M.S.S. Bandara, G.P.N.A.G. Gunathilake, R.P.L. Ramanayake, D.S. Muthukudaarachchi"
SWISSTEK (CEYLON) PLC,https://www.swisstekaluminium.com/leadership/,"S.M. Liyanage, C.U.Weerawardena Dire, T.G. Thoradeniya, Thilan Dharmarathne, Mahendra Jayasekera, Harsha Amarasekera"
SANASA DEVELOPMENT BANK PLC,https://www.sdb.lk/en/about-us/board-of-directors,"Romani de Silva, Abhayawickrama Bandar"
ALLIANCE FINANCE COMPANY PLC,https://www.alliancefinance.lk/about-us/board-of-directors/,"Michael Benedict, D.L.I Hettiarachchi, Romani De Silva"
ODEL PLC,https://www.marketscreener.com/quote/stock/ODEL-PLC-11367157/company/,"Ashok Kariyawasam Pathirage, Kumar Kaimal, Joseph Micheal Jayanth Perera, S. L. R. Piyal"
PEOPLE'S INSURANCE PLC,https://peoplesinsurance.lk/about-us/,"Johnson Fernando, Kasun Wijetilleke Non-, Azzam Ahamat Non-, Kasun Wijetilleke"
KELANI VALLEY PLANTATIONS PLC,https://www.kvpl.com/team,ara Eliya Region
THE KINGSBURY PLC,https://www.marketscreener.com/quote/stock/KINGSBURY-PLC-20702499/company/,"Rohan Karunarajah, Mohan Pandithage, Antonio Jonathan Alles, Niranjan de Silva Deva-Aditya"
HELA APPAREL HOLDINGS PLC,https://www.helaclothing.com/investors/corporate-information,"Alastair Alderton, A. R. Rasiah, Aruna De Sil, Christopher Murray Horn, Aruna De Silva Muthumuni, Aruna De Silva Muthumun"
DIALOG FINANCE PLC,https://www.dialogfinance.lk/about-us/board-of-directors,"Alexander Löwbäck    Independent, Nazeem Mohamed, Lim Li, Alexander Löwbäck, Li San, Supun Weerasinghe"
SOFTLOGIC FINANCE PLC,https://softlogicfinance.lk/board-of-directors/,"Sisira Dabar, anjan Janaka Perera, Sisira Dabare, Ranjan Perera, Ashok Pathirage"
SOFTLOGIC CAPITAL PLC,https://softlogiccapital.lk/board-of-directors/,"Naresh Abeysekera, Shanker Somasunderam, Ashok Pathirage"
RENUKA HOTELS PLC,https://www.renukacityhotel.com/our-story/,"Shibani Thambiayah, R. B. Thambiayah, S. R. Thambiayah, N. A. Thambiayah"
SINGER FINANCE LANKA PLC,https://www.singerfinance.com/board-of-directors/,"Thushan Amarasuriya, Mahesh Wijewardene, Saman Herath, Dhammika Siriwardene, Ranil De Silva, Aravinda Perera, Hiranthi De Silva, Dhammika Siriwa"
COLOMBO DOCKYARD PLC,https://www.cdl.lk/board-of-directors/,B.Sc Eng
PRINTCARE PLC,https://printcare.lk/our-company/,rrill J Fernando
CABLE SOLUTIONS PLC,https://cablesol.com/about-kablr/,"U. G. Madanayake, Pawan Nand, Chehan Perera, Suren Madanayake, Daya Wahalatantiri"
Co-operative Insurance Company PLC,https://www.ci.lk/director,"A. B. Senadheera, G. G. Dayasumana, A. A. J. Amarasinghe"
KEELLS FOOD PRODUCTS PLC,https://www.keellsfoods.lk/company/board-of-directors.html,Krishan Balendra
COLOMBO LAND AND DEVELOPMENT COMPANY PLC,"https://en.wikipedia.org/wiki/Colombo_Land_and_Development_Company#:~:text=CLDC's%20leadership%20comprises%20Asoka%20Weerasooriya,executive%20director%2Fgroup%20CEO).","E. G. N, E. G. Ng"
CEYLON HOTELS CORPORATION PLC,https://www.chcplc.com/about-the-company/,"E. M. Mangala Boyagoda, E. Kuvera I. De Zoysa, P. Maddumage, Dinesh S. Weerakkody, D. S., Ajith L.  Devasurendra, C. Shalike, Ranil P. P, Nirmal D. S. Cooke, Sanjeev Gardiner"
MASKELIYA PLANTATIONS PLC,https://in.marketscreener.com/quote/stock/MASKELIYA-PLANTATIONS-PLC-20700168/company-governance/,"Ananda Fernando, K A S Lasantha, Sunil Liyange, Sena Yaddehige"
SMB FINANCE PLC,https://www.smblk.com/about-us/board-of-directors/,"Ravi Wijeratne, Shardha Sosa, Supul Wijesinghe, Lolitha Abeysinghe, Wijekoon Dayasinghe"
LANKEM CEYLON PLC,https://lankem.lk/management/,"S. D. R. Arudpragasam, P.M.A. Sirimane, A. Hettiarachchy"
ASSOCIATED MOTOR FINANCE COMPANY PLC,https://www.marketscreener.com/quote/stock/ASSOCIATED-MOTOR-FINANCE--20706475/company/,"T. M. A. Sallay, John Paulu I. Nalatha Dayawansa, Nilmini Karunathilake"
LAUGFS POWER PLC,https://www.laugfs.lk/management-team,"Thomas Antony 
                                       Director, Indika Chandrasir"
CEYLON HOSPITALS PLC,https://www.marketscreener.com/quote/stock/CEYLON-HOSPITALS-PLC-46699087/company-governance/,"Ajith Erandan Tudawe, De Silva Jayatilleke, Manil Jayesinghe"
DANKOTUWA PORCELAIN PLC,https://www.ft.lk/news/Dankotuwa-Porcelain-gets-new-Chairman-5-Directors/56-754671,"Y. Kanagasabai, Ranil Pathirana, Nathasha Egodage, R.T. Devasurendra"
KEGALLE PLANTATIONS PLC,https://www.marketscreener.com/quote/stock/KEGALLE-PLANTATIONS-PLC-6496388/company-governance/,"Shaminda Yaddehige, ange
                         
 
                            1st Jan Change, Sena Yaddehige"
ASIA ASSET FINANCE PLC,https://www.marketscreener.com/quote/stock/ASIA-ASSET-FINANCE-PLC-20706675/company/,"Rajiv James Abeywickrama Gunawardena, Siyambalapitige De Silva Gunasekera, Geethika Elwalage, Radhika Dilrukshi"
ABANS FINANCE PLC,https://abansfinance.lk/board-of-directors-and-ceo/,"Cecil Perera, Perera Commenced, K J C Perera"
hSenid Business Solutions PLC,https://www.hsenidbiz.com/about-us/board-of-directors,"More Dishnira R. Saparamadu Non-, J. M. Sampath K. Jayasundara, J. M., More Anarkali M, W. Malinga, Dinesh B. Saparamadu"
RENUKA CITY HOTELS PLC.,https://www.renukacityhotel.com/our-story/,"Shibani Thambiayah, R. B. Thambiayah, S. R. Thambiayah, N. A. Thambiayah"
SEYLAN DEVELOPMENTS PLC,https://www.seylandevelopments.com/about.html,"Sri Lan, RAMESH JAYASEKARA"
TAL LANKA HOTELS PLC,https://www.marketscreener.com/quote/stock/TAL-LANKA-HOTELS-PLC-20702518/company/,"Parikshit Sen Gupta, Binod Kumar Chaudhary, Giridhar Sanjeevi"
BAIRAHA FARMS PLC,https://www.bairaha.com/corporate/our-team.html,"Reyaz Mihular, M.I.M Naleem Hajiar, Yakooth Naleem, Kamil Naleem"
PMF FINANCE PLC,https://pmf.lk/en/board-of-directors/,"De Silva, Chandula Abeywickrema"
RENUKA HOLDINGS PLC,http://www.renukagroup.com/about_us/corporate_information.php,"Mr V. Sanmugam, M.S Dominic"
LEE HEDGES PLC,https://leehedgesplc.com/about/,LEE HEDGES
HAYLEYS LEISURE PLC,https://www.hayleys.com/leadership/,"Mohan Pandithage, Rejoined Hayleys, Dhammika Perera, Sarath Ganegoda, Rajitha Kariyawasan, Harsha Cabral"
THE FORTRESS RESORTS PLC,https://www.marketscreener.com/quote/stock/THE-FORTRESS-RESORTS-PLC-20702517/company/,"Kulappuarachchige Perera, Chethiya Minendra, Malik Joseph Fernando"
SARVODAYA DEVELOPMENT FINANCE PLC,https://www.sarvodayafinance.lk/board-of-directors,"Channa de Silva, Ramya Suranjani Wickremeratne, Suranjani Wickremeratne"
HOUSING DEVELOPMENT FINANCE CORPORATION BANK OF SL,https://www.hdfc.lk/about,"W. N. I. C. Fernando, H. K. K. A. Jayasundara, A. N. Hapugala, W. M. Ananda, Anura Hettiarachchi, Krishantha Pathiraja, K.T.D.D. De Silva"
CEYLON LAND & EQUITY PLC,https://www.marketscreener.com/quote/stock/CEYLON-LAND-EQUITY-PLC-20703683/company/,"M. R. Rathnasabapathy, Shamindra Rajiyah, Dilshan Perera"
AMANA TAKAFUL PLC,https://www.takaful.lk/about-us,"Shafique Ahmed Jakhura, M. Murshid"
ACL PLASTICS PLC,https://acl.lk/board_of_directors,"U. G. Madanayake, N. C. Mad, Ajit Jaya, Hemaka Amarasuriya, N. C. Madanayake, N.C. Madanayake, Suren Madanayake, U.G. Madanayake"
CITRUS LEISURE PLC,https://www.marketscreener.com/quote/stock/CITRUS-LEISURE-PLC-20703675/company/,"Bandara Talwatte, Mani Sugathapala, Rajinda G. Seneviratne, Suresh Dayanath de Mel, Vasula Sanjeewa, Priya Chandana"
SATHOSA MOTORS PLC,https://sathosamotorsplc.com/about-us/,"Sumal Perera, Asanka Wimalaratna, Chaminda Kumarasiri, MR.CHRISTOPHER JOSHUA, Christopher Joshua, Dirk Joshua"
UDAPUSSELLAWA PLANTATIONS PLC,https://www.brownsplantations.lk/udapussellawa/about-us.html,"Dhamitha Perera, Anusha Perera, Human Resour, Dhushanth Ratwatt, Dhushanth Ratwatte"
LANKA REALTY INVESTMENTS PLC,https://www.lriplc.com/people,"Read Bio, Bio Dilini De Silva, Dushmantha Kasun Develop, Bio Upali Galgamuwa, Saravanan Neelakandan, Bio Nadeera Fernando Leisure, Read Bio Piers, Bio Nadeera Fernando Leisu, Read Bio Mohamed Firdouse, Bio Archie Buckland Warman"
C M HOLDINGS PLC,https://cmholdingsplc.com/,S. D. R. Arudpragasam
MARAWILA RESORTS PLC,https://www.marketscreener.com/quote/stock/MARAWILA-RESORTS-PLC-20703557/company/,"Chrisantha Priyange Perera, Sri Dhaman Rajendram Arudpragasam"
RESUS ENERGY PLC,https://www.resusenergy.lk/our-team.html,"Uditha Egalahewa, Kishan Nanayakkar, Chinthaka Perera, Sri Lank, Kishan Nanayakkara, Suren Madanayake"
LANKA VENTURES PLC,https://www.marketscreener.com/quote/stock/LANKA-VENTURES-PLC-20703697/company/,"Damith Pallewatte, W. Jayawardana, Ray Abeywardena, Janaka Palitha Gamage, Dilanka Wijesekara"
CHEMANEX PLC,https://chemanex.lk/about-us/,"E M M, R P Bandaranayak, R P Ba"
LANKEM DEVELOPMENTS PLC,https://lankem.lk/management/,"S. D. R. Arudpragasam, P.M.A. Sirimane, A. Hettiarachchy"
LANKA CREDIT AND BUSINESS FINANCE PLC,https://www.lcbfinance.lk/about-us/,"Ranjan Lal Masakorala, K.G. Leelananda, Gayan Kalhara, Ashwin Welgama, Sampath Lasantha Ranasinghe, Kapila Indika Weerasinghe, Kelum Wannige 
 AGM- Finance, Dushmantha Thotawatta, Aruna Vithanage, KG Leelananda, J. P. C. Ja, Lal Anura"
MADULSIMA PLANTATIONS PLC,https://www.marketscreener.com/quote/stock/MADULSIMA-PLANTATIONS-PLC-20703701/company-governance/,"Mohan Andrew Fernando, Pathiranahalage Dilum, Deshamanya Jayawardena, Stassen Jayawardena, Deshamanya Don Harotd, Hasitha S Jayawardena"
HAPUGASTENNE PLANTATIONS PLC,https://www.brownsplantations.lk/hapugastenne/about-us.html,"Dhamitha Perera, Dhushanth Ratwatte, Anusha Perera"
UB FINANCE PLC,https://ubf.lk/sec/1_the_directors.php,"Moahan BALENDRA, Jayendra SETUKA"
EAST WEST PROPERTIES PLC,https://www.eastwest.lk/about-us,"Kanchaka Ariyawansa, J Nahil, Diyanath Rohan Jayasinghe, Nahil Wijesuriya"
ARPICO INSURANCE PLC,https://www.arpicoinsurance.com/corporate-management-team/,Kelum Senanayake
CITIZENS DEVELOPMENT BUSINESS FINANCE PLC,https://www.cdb.lk/about-us,"Alastair Corera, Mahesh Nanayakkara, Jagath Abhayaratne"
COMMERCIAL DEVELOPMENT COMPANY PLC,https://cdcplc.net/board-of-directors-2/,"Carson Cumberbatch, A.L. Gooneratne, Udara Sankalpa"
COLOMBO CITY HOLDINGS PLC,"https://www.ft.lk/business/Colombo-City-Holdings-appoints-new-directors-to-Board/34-762564#:~:text=The%20current%20Board%20of%20Directors,Sharad%20Sridharan%20and%20Revantha%20Devasurendra.","Y. Kanagasabai, Sharad Sridharan, Samresh Kumar"
HNB FINANCE PLC,https://www.hnbfinance.lk/about-us/board-of-directors/,"Chaminda Prabhath, Hasitha Wijesundara, Rajive Dissanayake"
AMANA TAKAFUL LIFE PLC,https://www.takaful.lk/about-us,"Shafique Ahmed Jakhura, M. Murshid"
NATION LANKA FINANCE PLC,http://www.nationlanka.com/board-of-directors,"Maheen Priyantha, Udaya Seneviratne, Shamila Arunodani Wickramasi, Victor Ramanan, Mayura Gunawansha Dire, Deepani Bandara, Shamila Arunodani, Arunodani Wickramasinghe, Luckshmi Jayawickrema"
CARGO BOAT DEVELOPMENT COMPANY PLC,https://cbd.lk/,"N. R. Thambiayah, Niruja Thambiayah, R. B. Thambiayah, N. R. Tham, Ravi Thambiayah"
TANGERINE BEACH HOTELS PLC,https://www.tangerinehotels.com/tangerinebeachhotel/tangerinebeachhotel/investor-relations/,"Gerard G Ondaatjie, Travice J Ondaatjie, Lakal H Jayasinghe, N Hasantha, Angeline Ondaatjie, Angeline M Ondaatjie, Tangerine Hotels"
THE AUTODROME PLC,https://www.autodrome.lk/directors.php,"Bernadette J Aloysius, Joe) Aloysius, Julie Aloysius  BA, Jeremy Aloysius, Julie Aloysius, ev Aloysius, Bernadette Aloysius  BA"
KAPRUKA HOLDINGS PLC,https://blog.kapruka.com/blog/profiles-of-kapruka-board-of-directors/,"V. Herath, Mr Tishan Subasinghe, D V Herath, Moore Stephens Aiyar"
SINGHE HOSPITALS PLC,https://www.marketscreener.com/quote/stock/SINGHE-HOSPITALS-PLC-46699112/company/,"Amarakone M. Weerasinghe, Madushanka Gunathilake"
MAHAWELI COCONUT PLANTATIONS PLC,https://mahawelicoconut.com/board.html,"Gillian Edwards, Senarath Dias, Joseph Felix Fernandopulle - FCA, Richard Pieris, Asitha Gunasekera, Boyagane Apparels"
UNION CHEMICALS LANKA PLC,http://www.ucll.lk/about/,"Azeez M Mubarak, H.A.D.U.G. Gunasekera"
INDUSTRIAL ASPHALTS (CEYLON) PLC,https://uk.marketscreener.com/quote/stock/INDUSTRIAL-ASPHALTS-CEYLO-20703670/company-governance/,"Sivanandan Marimuthu, Govindasamy Ramanan 
                                                        Director"
HAYLEYS FIBRE PLC,https://www.hayleys.com/leadership/,"Mohan Pandithage, Rejoined Hayleys, Dhammika Perera, Sarath Ganegoda, Rajitha Kariyawasan, Harsha Cabral"
CEYLON TEA BROKERS PLC,"https://www.ft.lk/business/Ceylon-Tea-Brokers-announces-strategic-Board-appointments/34-767308#:~:text=With%20these%20appointments%2C%20the%20Ceylon,Akbar%20and%20Mihirini%20De%20Zoysa.","Shiromal Cooray, Waruna De Silva, Chrisantha Perera, Thilina Nonis, Niraj De Mel, Ajith Fernando, Sharmali Perera, Zameel Mohomed, Hult Ashridge, Boy Scout, Dinesh Fernando, Amrah Akbar, Mihirini De Zoysa, Beshan Kulapala"
CEYLON HOSPITALS PLC,https://www.marketscreener.com/quote/stock/CEYLON-HOSPITALS-PLC-46699087/company-governance/,"Ajith Erandan Tudawe, De Silva Jayatilleke, Manil Jayesinghe"
LAUGFS GAS PLC,https://en.wikipedia.org/wiki/LAUGFS_Gas,"W. K. H. Wegapitiya, Thilak De Silva"
SMB FINANCE PLC,https://www.smblk.com/about-us/board-of-directors/,"Ravi Wijeratne, Shardha Sosa, Supul Wijesinghe, Lolitha Abeysinghe, Wijekoon Dayasinghe"
COLOMBO FORT INVESTMENTS PLC,https://colombofortinvestments.com/,"S. Rajaratnam, S. D. R. Arudpragasam, S. Shanmugalingam, Amrit Rajaratnam, Anushman Rajaratnam"
COLOMBO INVESTMENT TRUST PLC,https://colomboinvestmenttrust.com/,S. Rajaratnam
EASTERN MERCHANTS PLC,https://easternmerchants.net/about-us/our-team/,"de Silva, J.B.L. De Silva, De Silva, H.J. De Silva"
MAHARAJA FOODS PLC,https://mfpe.com/directors/,"Imran Furkan, Vithyanath Guganathan, Myna Messina, Multimodal Tran"
LANKA CERAMIC PLC,https://lankaceramicplc.com/about/,"S M Liyanage, Ms K D Weerasinghe, A M Weerasinghe, J A P M Jayase, J A P M Jayasekera"
VIDULLANKA PLC,https://vidullanka.com/about-us/,"Read Bio, Read Bio Deepthie Wickramasuriya Indepen, Read Bio Riyaz Sangani, Read Bio Deepthie Wickramasuriy, Read Bio Sattar Kassim, Read Bio M. Rizvi Zaheed, Osman Kassim, Bio Shahid M. Sangani Non-, Bio Ranjan Mather Non-, Read Bio Deepthie Wickramasuriya"
LAKE HOUSE PRINTERS & PUBLISHERS PLC,https://www.marketscreener.com/quote/stock/LAKE-HOUSE-PRINTERS-AND-P-20703691/company/,"Ranjit Sujiva Wijewardene, D. P. Anura"
SAMSON INTERNATIONAL PLC,http://www.samsonint.com/samson-international-team,Kulatunga Rajapaksa
MALWATTE VALLEY PLANTATION PLC,https://www.malwattevalley.com/about/the-board-of-directors/,Malwatte Valley Plan
ASIA CAPITAL PLC,http://www.asiacapital.lk/about/board-of-directors.html,"V. Siva Jr, S. S. Balasubramaniam, A. D. Ross, Stevenson Charles, Yudhishtran Kanagasabai, Raju Radha"
MILLENNIUM HOUSING DEVELOPERS PLC,"https://www.ft.lk/business/Melwin-appointed-to-Millennium-Housing-Developers-Board/34-773415#:~:text=With%20the%20latest%20changes%2C%20the,De%20Zoysa%2C%20J.","Uditha Palihakkara, K.C.C. Perera, Melwin Perera, U. Harshith Dharmadasa, J. Rudra, S. Srilal"
AMW CAPITAL LEASING AND FINANCE PLC,https://www.marketscreener.com/quote/stock/AMW-CAPITAL-LEASING-AND-F-20706454/company/,"Joseph Dacius, Nihal Kekulawala, Sujeewa Sooriyaarachchi"
LAUGFS POWER PLC,https://www.laugfs.lk/management-team,"Thomas Antony 
                                       Director, Indika Chandrasir"
RENUKA HOLDINGS PLC,http://www.renukagroup.com/about_us/corporate_information.php,"Mr V. Sanmugam, M.S Dominic"
GESTETNER OF CEYLON PLC,https://www.gestetner.lk/our-members/,"B C U Perera, Kris Wadia, John Keells Holdings"
E M L CONSULTANTS PLC,https://emlconsultants.com/management-team/,"Thilak Hewawasa, H. N. J. Chandrasekera 
 Non, Thilak Hewawasam"
ALPHA FIRE SERVICES PLC,http://alphafire.lk/about_us.php,Frank Ryde
MULLER & PHIPPS (CEYLON) PLC,https://mphealthcare.lk/board-of-directors/,"S. Rajaratnam, S.D.R. Arudpragasam"
CHRISSWORLD PLC,https://chrissworld.com/about-us/,"Christopher A M Perera, Sithira Wickramasekera, Melanga Doolwala, Shanaka Lansakara"
GREENTECH ENERGY PLC,https://greentech.energy/en/management-board/,"Ingo Rehmann 
 Chief, Oliver Herzog"
OFFICE EQUIPMENT PLC,https://www.marketscreener.com/quote/stock/OFFICE-EQUIPMENT-PLC-20703908/company/,"Anthony Asokumar Page, L. Indraraj Ratnasabapathy, M. S. Adhil Kariapper"
YORK ARCADE HOLDINGS PLC,https://yorkarcadeholdings.com/,"S. Rajaratnam, S. D. R. Arudpragasam, S. Shanmugalingam, Amrit Rajaratnam"
ANILANA HOTELS AND PROPERTIES PLC,https://www.marketscreener.com/quote/stock/ANILANA-HOTELS-AND-PROPER-20707603/company/,"Rakesh Sharma, Asanga Seneviratne, Sonal Pandey"
KELSEY DEVELOPMENTS PLC,https://kelsey.lk/our-management/,"John Keels
Holdings, Wasantha Galagoda, Suranee Thumilan, Sivarajah Thumilan Group, Namal Godellawattage, Kelsey D, Kelsey Developments"
AITKEN SPENCE PLANTATION MANAGEMENTS PLC,https://www.aitkenspence.com/corporate-governance/board-of-directors,"R.M. Fernando, Harry Jayawardena, Stasshani Jayawardena, Bhathiya Bulumulla, M.P. Dissanayake, Aitken Spence, Parakrama Dissanayake, Deshantha Silva, Rohan Fernando, Rajan Brito, Deshamanya D.H.S., N.J. De, J.M.S. Brito, the Aitken Spence"
BIMPUTH LANKA INVESTMENTS PLC,https://www.marketscreener.com/quote/stock/BIMPUTH-LANKA-INVESTMENTS-20706460/company/,"P. D. C. R. Wijayaratne, Manjaree Gamage, Chamindra Kilittuwa Gamage, Sudath Ajitha Samaradivakara Jayasundara, Kelum Weeranthunga"
DIALOG AXIATA PLC,https://www.dialog.lk/structure-and-management,"DAVID NAI PEK LAU, WILLEM LUCAS"
CENTRAL FINANCE COMPANY PLC,https://cf.lk/board-of-directors/,"Eranjith Harendra Wijenaike, Arjuna Gunaratne, Damitha Nandanie de Zoysa, Kumar Perera Jayasuriya, Asite Drupath, Prasanna de Silva, Eranjith Wijenaike, Kumar Jayasuriya"
OVERSEAS REALTY (CEYLON) PLC,https://orcl.lk/about-us/,"Indrajit Wickramasinghe, Pravir Samarasinghe, Ajit Mahendra De Silva  Jayaratne, Mireka Tower, Carl Noel Shamil Mendis, Ajit Mahendra De Silva Jayaratne, Pathiranage Yohan Srineth, Ajit Mahendra De Silva, Leslie Ralph de Lanerolle, Mildred Tao Ong"
EXTERMINATORS PLC,https://exterminators.lk/about-us/,"Marlon Ferreira, Dr Gomes, Kishu Gomes"
SAMPATH BANK PLC,https://www.sampath.lk/about-us/leadership,"Vajira Kulatilaka
irector
           Read More     
          Rushanka Silva
ng Director
           Read More     
          Rushanka Silva
Managing Dir
Keshini Jayawardena
           
          Independent
Vinod Hirdarama
Vinod Hirdaramani"
BROWNS INVESTMENTS PLC,https://www.brownsinvestments.com/about-us/our-team.html,"Kalsha Amarasinghe
Kapila Jayawardena
Sierra Leone
Ishara Nanayakkara"
NATIONAL DEVELOPMENT BANK PLC,https://www.ndbbank.com/about/board-of-directors,"Sriyan Cooray
Bernard Sinniah"
JANASHAKTHI INSURANCE PLC,https://www.janashakthi.com/news-inner?ref=Exciting-new-additions-to-Janashakthi-Life%27s-Board-of-Directors,"Ravi Liyanage
Dinesh Schaffter
Annika Senanayake
Prakash Schaffter
Mahela Jayawardena"
PAN ASIA BANKING CORPORATION PLC,https://www.pabcbank.com/about-us/team/,"Kawshi Amarasinghe
Aravinda Perera
Malik Ranasinghe
Sandra Walgama
Kawshi Amarasi"
MYLAND DEVELOPMENTS PLC,https://myland.lk/about/,"Renuka Jayawardhana
Deshantha  De Alwis Indepe
W.D. Premachandra
S. A. Alahakoon
Deshantha  De Alwis"
FIRST CAPITAL HOLDINGS PLC,https://firstcapital.lk/team_categories/board-of-directors/,"Rachini Rajapaksa
Inoshini Perera
Ramesh Schaffter"
LOLC GENERAL INSURANCE PLC,https://www.lolcgeneral.com/managment-team.php,"Suranga Wewegedara - Head
Nimal Perera
Jayantha Wanigathunga
Ajantha Amarasinghe
Laxmananraj Ganeshkumar
Keshan Abeyewardene
Saraka Liyanage
Udaya Kumara
Suranga Wewegedara
Sanjaya Attanayake -  
Sanjaya Attanayake
Maheshika Perera
Ajantha
Saraka Joins
Dinusha Thilanka"
CARGILLS BANK PLC,https://www.cargillsbank.com/about-us/board-of-directors/ravi-jayawardena/,"Facebook Twitter
Ravi-Jayawardena"
MERCHANT BANK OF SRI LANKA & FINANCE PLC,https://www.mbslbank.com/en/elite-new-appointments-strengthen-mbsls-board-of-directors/,"Priyal Silva
Jeewantha
Silva"
