Company Name,Board_Link,Board_Page_Content
LION BREWERY (CEYLON) PLC,https://www.wsj.com/market-data/quotes/LK/XCOL/LION.N0000/company-people,"Error scraping: HTTPSConnectionPool(host='api.zenrows.com', port=443): Max retries exceeded with url: /v1/?url=https%3A%2F%2Fwww.wsj.com%2Fmarket-data%2Fquotes%2FLK%2FXCOL%2FLION.N0000%2Fcompany-people&apikey=ac4a623d6652bde68c4e021e607f3e0d814e0516 (Caused by SSLError(SSLCertVerificationError(1, '[SSL: CERTIFICATE_VERIFY_FAILED] certificate verify failed: self-signed certificate in certificate chain (_ssl.c:1000)')))"
C T HOLDINGS PLC,https://www.wsj.com/market-data/quotes/LK/XCOL/CTHR.N0000/company-people,"Error scraping: HTTPSConnectionPool(host='api.zenrows.com', port=443): Max retries exceeded with url: /v1/?url=https%3A%2F%2Fwww.wsj.com%2Fmarket-data%2Fquotes%2FLK%2FXCOL%2FCTHR.N0000%2Fcompany-people&apikey=ac4a623d6652bde68c4e021e607f3e0d814e0516 (Caused by SSLError(SSLCertVerificationError(1, '[SSL: CERTIFICATE_VERIFY_FAILED] certificate verify failed: self-signed certificate in certificate chain (_ssl.c:1000)')))"
LANKA IOC PLC,https://www.wsj.com/market-data/quotes/LK/XCOL/LIOC.N0000/company-people,"Error scraping: HTTPSConnectionPool(host='api.zenrows.com', port=443): Max retries exceeded with url: /v1/?url=https%3A%2F%2Fwww.wsj.com%2Fmarket-data%2Fquotes%2FLK%2FXCOL%2FLIOC.N0000%2Fcompany-people&apikey=ac4a623d6652bde68c4e021e607f3e0d814e0516 (Caused by SSLError(SSLCertVerificationError(1, '[SSL: CERTIFICATE_VERIFY_FAILED] certificate verify failed: self-signed certificate in certificate chain (_ssl.c:1000)')))"
CEYLON BEVERAGE HOLDINGS PLC,https://www.wsj.com/market-data/quotes/LK/XCOL/BREW.N0000/company-people,"Error scraping: HTTPSConnectionPool(host='api.zenrows.com', port=443): Max retries exceeded with url: /v1/?url=https%3A%2F%2Fwww.wsj.com%2Fmarket-data%2Fquotes%2FLK%2FXCOL%2FBREW.N0000%2Fcompany-people&apikey=ac4a623d6652bde68c4e021e607f3e0d814e0516 (Caused by SSLError(SSLCertVerificationError(1, '[SSL: CERTIFICATE_VERIFY_FAILED] certificate verify failed: self-signed certificate in certificate chain (_ssl.c:1000)')))"
SUNSHINE HOLDINGS PLC,https://www.wsj.com/market-data/quotes/LK/XCOL/SUN.N0000/company-people,"Error scraping: HTTPSConnectionPool(host='api.zenrows.com', port=443): Max retries exceeded with url: /v1/?url=https%3A%2F%2Fwww.wsj.com%2Fmarket-data%2Fquotes%2FLK%2FXCOL%2FSUN.N0000%2Fcompany-people&apikey=ac4a623d6652bde68c4e021e607f3e0d814e0516 (Caused by SSLError(SSLCertVerificationError(1, '[SSL: CERTIFICATE_VERIFY_FAILED] certificate verify failed: self-signed certificate in certificate chain (_ssl.c:1000)')))"
PGP GLASS CEYLON PLC,https://www.wsj.com/market-data/quotes/LK/XCOL/GLAS.N0000/company-people,"Error scraping: HTTPSConnectionPool(host='api.zenrows.com', port=443): Max retries exceeded with url: /v1/?url=https%3A%2F%2Fwww.wsj.com%2Fmarket-data%2Fquotes%2FLK%2FXCOL%2FGLAS.N0000%2Fcompany-people&apikey=ac4a623d6652bde68c4e021e607f3e0d814e0516 (Caused by SSLError(SSLCertVerificationError(1, '[SSL: CERTIFICATE_VERIFY_FAILED] certificate verify failed: self-signed certificate in certificate chain (_ssl.c:1000)')))"
DIPPED PRODUCTS PLC,https://www.wsj.com/market-data/quotes/LK/XCOL/DIPD.N0000/company-people,"Error scraping: HTTPSConnectionPool(host='api.zenrows.com', port=443): Max retries exceeded with url: /v1/?url=https%3A%2F%2Fwww.wsj.com%2Fmarket-data%2Fquotes%2FLK%2FXCOL%2FDIPD.N0000%2Fcompany-people&apikey=ac4a623d6652bde68c4e021e607f3e0d814e0516 (Caused by SSLError(SSLCertVerificationError(1, '[SSL: CERTIFICATE_VERIFY_FAILED] certificate verify failed: self-signed certificate in certificate chain (_ssl.c:1000)')))"
WATAWALA PLANTATIONS PLC,https://www.wsj.com/market-data/quotes/LK/XCOL/WATAN0000/company-people,"Error scraping: HTTPSConnectionPool(host='api.zenrows.com', port=443): Max retries exceeded with url: /v1/?url=https%3A%2F%2Fwww.wsj.com%2Fmarket-data%2Fquotes%2FLK%2FXCOL%2FWATAN0000%2Fcompany-people&apikey=ac4a623d6652bde68c4e021e607f3e0d814e0516 (Caused by SSLError(SSLCertVerificationError(1, '[SSL: CERTIFICATE_VERIFY_FAILED] certificate verify failed: self-signed certificate in certificate chain (_ssl.c:1000)')))"
EDEN HOTEL LANKA PLC,https://www.wsj.com/market-data/quotes/LK/XCOL/EDEN.N0000/company-people,"Error scraping: HTTPSConnectionPool(host='api.zenrows.com', port=443): Max retries exceeded with url: /v1/?url=https%3A%2F%2Fwww.wsj.com%2Fmarket-data%2Fquotes%2FLK%2FXCOL%2FEDEN.N0000%2Fcompany-people&apikey=ac4a623d6652bde68c4e021e607f3e0d814e0516 (Caused by SSLError(SSLCertVerificationError(1, '[SSL: CERTIFICATE_VERIFY_FAILED] certificate verify failed: self-signed certificate in certificate chain (_ssl.c:1000)')))"
HUNAS HOLDINGS PLC,https://www.wsj.com/market-data/quotes/LK/XCOL/HUNA.N0000/company-people,"Error scraping: HTTPSConnectionPool(host='api.zenrows.com', port=443): Max retries exceeded with url: /v1/?url=https%3A%2F%2Fwww.wsj.com%2Fmarket-data%2Fquotes%2FLK%2FXCOL%2FHUNA.N0000%2Fcompany-people&apikey=ac4a623d6652bde68c4e021e607f3e0d814e0516 (Caused by SSLError(SSLCertVerificationError(1, '[SSL: CERTIFICATE_VERIFY_FAILED] certificate verify failed: self-signed certificate in certificate chain (_ssl.c:1000)')))"
LANKA WALLTILE PLC,https://www.wsj.com/market-data/quotes/LK/XCOL/LWLN0000/company-people,"Error scraping: HTTPSConnectionPool(host='api.zenrows.com', port=443): Max retries exceeded with url: /v1/?url=https%3A%2F%2Fwww.wsj.com%2Fmarket-data%2Fquotes%2FLK%2FXCOL%2FLWLN0000%2Fcompany-people&apikey=ac4a623d6652bde68c4e021e607f3e0d814e0516 (Caused by SSLError(SSLCertVerificationError(1, '[SSL: CERTIFICATE_VERIFY_FAILED] certificate verify failed: self-signed certificate in certificate chain (_ssl.c:1000)')))"
LANKA TILES PLC,https://www.wsj.com/market-data/quotes/LK/XCOL/TILE.N0000/company-people,"Error scraping: HTTPSConnectionPool(host='api.zenrows.com', port=443): Max retries exceeded with url: /v1/?url=https%3A%2F%2Fwww.wsj.com%2Fmarket-data%2Fquotes%2FLK%2FXCOL%2FTILE.N0000%2Fcompany-people&apikey=ac4a623d6652bde68c4e021e607f3e0d814e0516 (Caused by SSLError(SSLCertVerificationError(1, '[SSL: CERTIFICATE_VERIFY_FAILED] certificate verify failed: self-signed certificate in certificate chain (_ssl.c:1000)')))"
THE COLOMBO FORT LAND AND BUILDING PLC,https://www.wsj.com/market-data/quotes/LK/XCOL/CFLB.N0000/company-people,"Error scraping: HTTPSConnectionPool(host='api.zenrows.com', port=443): Max retries exceeded with url: /v1/?url=https%3A%2F%2Fwww.wsj.com%2Fmarket-data%2Fquotes%2FLK%2FXCOL%2FCFLB.N0000%2Fcompany-people&apikey=ac4a623d6652bde68c4e021e607f3e0d814e0516 (Caused by SSLError(SSLCertVerificationError(1, '[SSL: CERTIFICATE_VERIFY_FAILED] certificate verify failed: self-signed certificate in certificate chain (_ssl.c:1000)')))"
R I L PROPERTY PLC,https://www.wsj.com/market-data/quotes/LK/XCOL/RIL.N0000/company-people,"Error scraping: HTTPSConnectionPool(host='api.zenrows.com', port=443): Max retries exceeded with url: /v1/?url=https%3A%2F%2Fwww.wsj.com%2Fmarket-data%2Fquotes%2FLK%2FXCOL%2FRIL.N0000%2Fcompany-people&apikey=ac4a623d6652bde68c4e021e607f3e0d814e0516 (Caused by SSLError(SSLCertVerificationError(1, '[SSL: CERTIFICATE_VERIFY_FAILED] certificate verify failed: self-signed certificate in certificate chain (_ssl.c:1000)')))"
CEYLON GRAIN ELEVATORS PLC,https://www.wsj.com/market-data/quotes/LK/XCOL/GRANN0000/company-people,"Error scraping: HTTPSConnectionPool(host='api.zenrows.com', port=443): Max retries exceeded with url: /v1/?url=https%3A%2F%2Fwww.wsj.com%2Fmarket-data%2Fquotes%2FLK%2FXCOL%2FGRANN0000%2Fcompany-people&apikey=ac4a623d6652bde68c4e021e607f3e0d814e0516 (Caused by SSLError(SSLCertVerificationError(1, '[SSL: CERTIFICATE_VERIFY_FAILED] certificate verify failed: self-signed certificate in certificate chain (_ssl.c:1000)')))"
KELANI CABLES PLC,https://www.wsj.com/market-data/quotes/LK/XCOL/KCABN0000/company-people,"Error scraping: HTTPSConnectionPool(host='api.zenrows.com', port=443): Max retries exceeded with url: /v1/?url=https%3A%2F%2Fwww.wsj.com%2Fmarket-data%2Fquotes%2FLK%2FXCOL%2FKCABN0000%2Fcompany-people&apikey=ac4a623d6652bde68c4e021e607f3e0d814e0516 (Caused by SSLError(SSLCertVerificationError(1, '[SSL: CERTIFICATE_VERIFY_FAILED] certificate verify failed: self-signed certificate in certificate chain (_ssl.c:1000)')))"
NAMUNUKULA PLANTATIONS PLC,https://www.wsj.com/market-data/quotes/LK/XCOL/NAMUN0000/company-people,"Error scraping: HTTPSConnectionPool(host='api.zenrows.com', port=443): Max retries exceeded with url: /v1/?url=https%3A%2F%2Fwww.wsj.com%2Fmarket-data%2Fquotes%2FLK%2FXCOL%2FNAMUN0000%2Fcompany-people&apikey=ac4a623d6652bde68c4e021e607f3e0d814e0516 (Caused by SSLError(SSLCertVerificationError(1, '[SSL: CERTIFICATE_VERIFY_FAILED] certificate verify failed: self-signed certificate in certificate chain (_ssl.c:1000)')))"
TRANS ASIA HOTELS PLC,https://www.wsj.com/market-data/quotes/LK/XCOL/TRAN.N0000/company-people,"Error scraping: HTTPSConnectionPool(host='api.zenrows.com', port=443): Max retries exceeded with url: /v1/?url=https%3A%2F%2Fwww.wsj.com%2Fmarket-data%2Fquotes%2FLK%2FXCOL%2FTRAN.N0000%2Fcompany-people&apikey=ac4a623d6652bde68c4e021e607f3e0d814e0516 (Caused by SSLError(SSLCertVerificationError(1, '[SSL: CERTIFICATE_VERIFY_FAILED] certificate verify failed: self-signed certificate in certificate chain (_ssl.c:1000)')))"
THREE ACRE FARMS PLC,https://www.wsj.com/market-data/quotes/LK/XCOL/TAFL.N0000/company-people,"Error scraping: HTTPSConnectionPool(host='api.zenrows.com', port=443): Max retries exceeded with url: /v1/?url=https%3A%2F%2Fwww.wsj.com%2Fmarket-data%2Fquotes%2FLK%2FXCOL%2FTAFL.N0000%2Fcompany-people&apikey=ac4a623d6652bde68c4e021e607f3e0d814e0516 (Caused by SSLError(SSLCertVerificationError(1, '[SSL: CERTIFICATE_VERIFY_FAILED] certificate verify failed: self-signed certificate in certificate chain (_ssl.c:1000)')))"
KELANI TYRES PLC,https://www.wsj.com/market-data/quotes/LK/XCOL/TYRE.N0000/company-people,"Error scraping: HTTPSConnectionPool(host='api.zenrows.com', port=443): Max retries exceeded with url: /v1/?url=https%3A%2F%2Fwww.wsj.com%2Fmarket-data%2Fquotes%2FLK%2FXCOL%2FTYRE.N0000%2Fcompany-people&apikey=ac4a623d6652bde68c4e021e607f3e0d814e0516 (Caused by SSLError(SSLCertVerificationError(1, '[SSL: CERTIFICATE_VERIFY_FAILED] certificate verify failed: self-signed certificate in certificate chain (_ssl.c:1000)')))"
ASIRI SURGICAL HOSPITAL PLC,https://www.wsj.com/market-data/quotes/LK/XCOL/ASIR.N0000/company-people,"Error scraping: HTTPSConnectionPool(host='api.zenrows.com', port=443): Max retries exceeded with url: /v1/?url=https%3A%2F%2Fwww.wsj.com%2Fmarket-data%2Fquotes%2FLK%2FXCOL%2FASIR.N0000%2Fcompany-people&apikey=ac4a623d6652bde68c4e021e607f3e0d814e0516 (Caused by SSLError(SSLCertVerificationError(1, '[SSL: CERTIFICATE_VERIFY_FAILED] certificate verify failed: self-signed certificate in certificate chain (_ssl.c:1000)')))"
B P P L HOLDINGS PLC,https://www.wsj.com/market-data/quotes/LK/XCOL/BPPL.N0000/company-people,"Error scraping: HTTPSConnectionPool(host='api.zenrows.com', port=443): Max retries exceeded with url: /v1/?url=https%3A%2F%2Fwww.wsj.com%2Fmarket-data%2Fquotes%2FLK%2FXCOL%2FBPPL.N0000%2Fcompany-people&apikey=ac4a623d6652bde68c4e021e607f3e0d814e0516 (Caused by SSLError(SSLCertVerificationError(1, '[SSL: CERTIFICATE_VERIFY_FAILED] certificate verify failed: self-signed certificate in certificate chain (_ssl.c:1000)')))"
BOGAWANTALAWA TEA ESTATES PLC,https://www.wsj.com/market-data/quotes/LK/XCOL/BOPL.N0000/company-people,"Error scraping: HTTPSConnectionPool(host='api.zenrows.com', port=443): Max retries exceeded with url: /v1/?url=https%3A%2F%2Fwww.wsj.com%2Fmarket-data%2Fquotes%2FLK%2FXCOL%2FBOPL.N0000%2Fcompany-people&apikey=ac4a623d6652bde68c4e021e607f3e0d814e0516 (Caused by SSLError(SSLCertVerificationError(1, '[SSL: CERTIFICATE_VERIFY_FAILED] certificate verify failed: self-signed certificate in certificate chain (_ssl.c:1000)')))"
Ex-pack Corrugated Cartons PLC,https://www.wsj.com/market-data/quotes/LK/XCOL/PACK.N0000/company-people,"Error scraping: HTTPSConnectionPool(host='api.zenrows.com', port=443): Max retries exceeded with url: /v1/?url=https%3A%2F%2Fwww.wsj.com%2Fmarket-data%2Fquotes%2FLK%2FXCOL%2FPACK.N0000%2Fcompany-people&apikey=ac4a623d6652bde68c4e021e607f3e0d814e0516 (Caused by SSLError(SSLCertVerificationError(1, '[SSL: CERTIFICATE_VERIFY_FAILED] certificate verify failed: self-signed certificate in certificate chain (_ssl.c:1000)')))"
JOHN KEELLS PLC,https://www.wsj.com/market-data/quotes/LK/XCOL/JKH.N0000/company-people,"Error scraping: HTTPSConnectionPool(host='api.zenrows.com', port=443): Max retries exceeded with url: /v1/?url=https%3A%2F%2Fwww.wsj.com%2Fmarket-data%2Fquotes%2FLK%2FXCOL%2FJKH.N0000%2Fcompany-people&apikey=ac4a623d6652bde68c4e021e607f3e0d814e0516 (Caused by SSLError(SSLCertVerificationError(1, '[SSL: CERTIFICATE_VERIFY_FAILED] certificate verify failed: self-signed certificate in certificate chain (_ssl.c:1000)')))"
PANASIAN POWER PLC,https://www.wsj.com/market-data/quotes/LK/XCOL/PAPN0000/company-people,"Error scraping: HTTPSConnectionPool(host='api.zenrows.com', port=443): Max retries exceeded with url: /v1/?url=https%3A%2F%2Fwww.wsj.com%2Fmarket-data%2Fquotes%2FLK%2FXCOL%2FPAPN0000%2Fcompany-people&apikey=ac4a623d6652bde68c4e021e607f3e0d814e0516 (Caused by SSLError(SSLCertVerificationError(1, '[SSL: CERTIFICATE_VERIFY_FAILED] certificate verify failed: self-signed certificate in certificate chain (_ssl.c:1000)')))"
RICHARD PIERIS EXPORTS PLC,https://www.wsj.com/market-data/quotes/LK/XCOL/REXPN0000/company-people,"Error scraping: HTTPSConnectionPool(host='api.zenrows.com', port=443): Max retries exceeded with url: /v1/?url=https%3A%2F%2Fwww.wsj.com%2Fmarket-data%2Fquotes%2FLK%2FXCOL%2FREXPN0000%2Fcompany-people&apikey=ac4a623d6652bde68c4e021e607f3e0d814e0516 (Caused by SSLError(SSLCertVerificationError(1, '[SSL: CERTIFICATE_VERIFY_FAILED] certificate verify failed: self-signed certificate in certificate chain (_ssl.c:1000)')))"
L V L ENERGY FUND PLC,https://www.wsj.com/market-data/quotes/LK/XCOL/LVEF.N0000/company-people,"Error scraping: HTTPSConnectionPool(host='api.zenrows.com', port=443): Max retries exceeded with url: /v1/?url=https%3A%2F%2Fwww.wsj.com%2Fmarket-data%2Fquotes%2FLK%2FXCOL%2FLVEF.N0000%2Fcompany-people&apikey=ac4a623d6652bde68c4e021e607f3e0d814e0516 (Caused by SSLError(SSLCertVerificationError(1, '[SSL: CERTIFICATE_VERIFY_FAILED] certificate verify failed: self-signed certificate in certificate chain (_ssl.c:1000)')))"
HUNTER & COMPANY PLC,https://www.wsj.com/market-data/quotes/LK/XCOL/HUNTN0000/company-people,"Error scraping: HTTPSConnectionPool(host='api.zenrows.com', port=443): Max retries exceeded with url: /v1/?url=https%3A%2F%2Fwww.wsj.com%2Fmarket-data%2Fquotes%2FLK%2FXCOL%2FHUNTN0000%2Fcompany-people&apikey=ac4a623d6652bde68c4e021e607f3e0d814e0516 (Caused by SSLError(SSLCertVerificationError(1, '[SSL: CERTIFICATE_VERIFY_FAILED] certificate verify failed: self-signed certificate in certificate chain (_ssl.c:1000)')))"
C. W. MACKIE PLC,https://www.wsj.com/market-data/quotes/LK/XCOL/CWM.N0000/company-people,"Error scraping: HTTPSConnectionPool(host='api.zenrows.com', port=443): Max retries exceeded with url: /v1/?url=https%3A%2F%2Fwww.wsj.com%2Fmarket-data%2Fquotes%2FLK%2FXCOL%2FCWM.N0000%2Fcompany-people&apikey=ac4a623d6652bde68c4e021e607f3e0d814e0516 (Caused by SSLError(SSLCertVerificationError(1, '[SSL: CERTIFICATE_VERIFY_FAILED] certificate verify failed: self-signed certificate in certificate chain (_ssl.c:1000)')))"
LANKA ASHOK LEYLAND PLC,https://www.wsj.com/market-data/quotes/LK/XCOL/ASHON0000/company-people,"Error scraping: HTTPSConnectionPool(host='api.zenrows.com', port=443): Max retries exceeded with url: /v1/?url=https%3A%2F%2Fwww.wsj.com%2Fmarket-data%2Fquotes%2FLK%2FXCOL%2FASHON0000%2Fcompany-people&apikey=ac4a623d6652bde68c4e021e607f3e0d814e0516 (Caused by SSLError(SSLCertVerificationError(1, '[SSL: CERTIFICATE_VERIFY_FAILED] certificate verify failed: self-signed certificate in certificate chain (_ssl.c:1000)')))"
CONVENIENCE FOODS LANKA PLC,https://www.wsj.com/market-data/quotes/LK/XCOL/SOY.N0000/company-people,"Error scraping: HTTPSConnectionPool(host='api.zenrows.com', port=443): Max retries exceeded with url: /v1/?url=https%3A%2F%2Fwww.wsj.com%2Fmarket-data%2Fquotes%2FLK%2FXCOL%2FSOY.N0000%2Fcompany-people&apikey=ac4a623d6652bde68c4e021e607f3e0d814e0516 (Caused by SSLError(SSLCertVerificationError(1, '[SSL: CERTIFICATE_VERIFY_FAILED] certificate verify failed: self-signed certificate in certificate chain (_ssl.c:1000)')))"
CENTRAL INDUSTRIES PLC,https://www.wsj.com/market-data/quotes/LK/XCOL/CIND.N0000/company-people,"Error scraping: HTTPSConnectionPool(host='api.zenrows.com', port=443): Max retries exceeded with url: /v1/?url=https%3A%2F%2Fwww.wsj.com%2Fmarket-data%2Fquotes%2FLK%2FXCOL%2FCIND.N0000%2Fcompany-people&apikey=ac4a623d6652bde68c4e021e607f3e0d814e0516 (Caused by SSLError(SSLCertVerificationError(1, '[SSL: CERTIFICATE_VERIFY_FAILED] certificate verify failed: self-signed certificate in certificate chain (_ssl.c:1000)')))"
AGSTAR PLC,https://www.wsj.com/market-data/quotes/LK/XCOL/AGST.N0000/company-people,"Error scraping: HTTPSConnectionPool(host='api.zenrows.com', port=443): Max retries exceeded with url: /v1/?url=https%3A%2F%2Fwww.wsj.com%2Fmarket-data%2Fquotes%2FLK%2FXCOL%2FAGST.N0000%2Fcompany-people&apikey=ac4a623d6652bde68c4e021e607f3e0d814e0516 (Caused by SSLError(SSLCertVerificationError(1, '[SSL: CERTIFICATE_VERIFY_FAILED] certificate verify failed: self-signed certificate in certificate chain (_ssl.c:1000)')))"
RAIGAM WAYAMBA SALTERNS PLC,https://www.wsj.com/market-data/quotes/LK/XCOL/RWSL.N0000/company-people,"Error scraping: HTTPSConnectionPool(host='api.zenrows.com', port=443): Max retries exceeded with url: /v1/?url=https%3A%2F%2Fwww.wsj.com%2Fmarket-data%2Fquotes%2FLK%2FXCOL%2FRWSL.N0000%2Fcompany-people&apikey=ac4a623d6652bde68c4e021e607f3e0d814e0516 (Caused by SSLError(SSLCertVerificationError(1, '[SSL: CERTIFICATE_VERIFY_FAILED] certificate verify failed: self-signed certificate in certificate chain (_ssl.c:1000)')))"
KOTAGALA PLANTATIONS PLC,https://www.wsj.com/market-data/quotes/LK/XCOL/KOTAN0000/company-people,"Error scraping: HTTPSConnectionPool(host='api.zenrows.com', port=443): Max retries exceeded with url: /v1/?url=https%3A%2F%2Fwww.wsj.com%2Fmarket-data%2Fquotes%2FLK%2FXCOL%2FKOTAN0000%2Fcompany-people&apikey=ac4a623d6652bde68c4e021e607f3e0d814e0516 (Caused by SSLError(SSLCertVerificationError(1, '[SSL: CERTIFICATE_VERIFY_FAILED] certificate verify failed: self-signed certificate in certificate chain (_ssl.c:1000)')))"
THE LIGHTHOUSE HOTEL PLC,https://www.wsj.com/market-data/quotes/LK/XCOL/LHLN0000/company-people,"Error scraping: HTTPSConnectionPool(host='api.zenrows.com', port=443): Max retries exceeded with url: /v1/?url=https%3A%2F%2Fwww.wsj.com%2Fmarket-data%2Fquotes%2FLK%2FXCOL%2FLHLN0000%2Fcompany-people&apikey=ac4a623d6652bde68c4e021e607f3e0d814e0516 (Caused by SSLError(SSLCertVerificationError(1, '[SSL: CERTIFICATE_VERIFY_FAILED] certificate verify failed: self-signed certificate in certificate chain (_ssl.c:1000)')))"
RENUKA AGRI FOODS PLC,https://www.wsj.com/market-data/quotes/LK/XCOL/RHLN0000/company-people,"Error scraping: HTTPSConnectionPool(host='api.zenrows.com', port=443): Max retries exceeded with url: /v1/?url=https%3A%2F%2Fwww.wsj.com%2Fmarket-data%2Fquotes%2FLK%2FXCOL%2FRHLN0000%2Fcompany-people&apikey=ac4a623d6652bde68c4e021e607f3e0d814e0516 (Caused by SSLError(SSLCertVerificationError(1, '[SSL: CERTIFICATE_VERIFY_FAILED] certificate verify failed: self-signed certificate in certificate chain (_ssl.c:1000)')))"
BERUWALA RESORTS PLC,https://www.wsj.com/market-data/quotes/LK/XCOL/BERU.N0000/company-people,"Error scraping: HTTPSConnectionPool(host='api.zenrows.com', port=443): Max retries exceeded with url: /v1/?url=https%3A%2F%2Fwww.wsj.com%2Fmarket-data%2Fquotes%2FLK%2FXCOL%2FBERU.N0000%2Fcompany-people&apikey=ac4a623d6652bde68c4e021e607f3e0d814e0516 (Caused by SSLError(SSLCertVerificationError(1, '[SSL: CERTIFICATE_VERIFY_FAILED] certificate verify failed: self-signed certificate in certificate chain (_ssl.c:1000)')))"
ON'ALLY HOLDINGS PLC,https://www.wsj.com/market-data/quotes/LK/XCOL/ONAL.N0000/company-people,"Error scraping: HTTPSConnectionPool(host='api.zenrows.com', port=443): Max retries exceeded with url: /v1/?url=https%3A%2F%2Fwww.wsj.com%2Fmarket-data%2Fquotes%2FLK%2FXCOL%2FONAL.N0000%2Fcompany-people&apikey=ac4a623d6652bde68c4e021e607f3e0d814e0516 (Caused by SSLError(SSLCertVerificationError(1, '[SSL: CERTIFICATE_VERIFY_FAILED] certificate verify failed: self-signed certificate in certificate chain (_ssl.c:1000)')))"
LANKA ALUMINIUM INDUSTRIES PLC,https://www.wsj.com/market-data/quotes/LK/XCOL/LALU.N0000/company-people/executive-profile/13815341,"Error scraping: HTTPSConnectionPool(host='api.zenrows.com', port=443): Max retries exceeded with url: /v1/?url=https%3A%2F%2Fwww.wsj.com%2Fmarket-data%2Fquotes%2FLK%2FXCOL%2FLALU.N0000%2Fcompany-people%2Fexecutive-profile%2F13815341&apikey=ac4a623d6652bde68c4e021e607f3e0d814e0516 (Caused by SSLError(SSLCertVerificationError(1, '[SSL: CERTIFICATE_VERIFY_FAILED] certificate verify failed: self-signed certificate in certificate chain (_ssl.c:1000)')))"
SWADESHI INDUSTRIAL WORKS PLC,https://www.wsj.com/market-data/quotes/LK/XCOL/SWADN0000/company-people,"Error scraping: HTTPSConnectionPool(host='api.zenrows.com', port=443): Max retries exceeded with url: /v1/?url=https%3A%2F%2Fwww.wsj.com%2Fmarket-data%2Fquotes%2FLK%2FXCOL%2FSWADN0000%2Fcompany-people&apikey=ac4a623d6652bde68c4e021e607f3e0d814e0516 (Caused by SSLError(SSLCertVerificationError(1, '[SSL: CERTIFICATE_VERIFY_FAILED] certificate verify failed: self-signed certificate in certificate chain (_ssl.c:1000)')))"
KAHAWATTE PLANTATIONS PLC,https://www.wsj.com/market-data/quotes/LK/XCOL/KAHA.N0000/company-people,"Error scraping: HTTPSConnectionPool(host='api.zenrows.com', port=443): Max retries exceeded with url: /v1/?url=https%3A%2F%2Fwww.wsj.com%2Fmarket-data%2Fquotes%2FLK%2FXCOL%2FKAHA.N0000%2Fcompany-people&apikey=ac4a623d6652bde68c4e021e607f3e0d814e0516 (Caused by SSLError(SSLCertVerificationError(1, '[SSL: CERTIFICATE_VERIFY_FAILED] certificate verify failed: self-signed certificate in certificate chain (_ssl.c:1000)')))"
RENUKA FOODS PLC,https://www.wsj.com/market-data/quotes/LK/XCOL/RHLN0000/company-people,"Error scraping: HTTPSConnectionPool(host='api.zenrows.com', port=443): Max retries exceeded with url: /v1/?url=https%3A%2F%2Fwww.wsj.com%2Fmarket-data%2Fquotes%2FLK%2FXCOL%2FRHLN0000%2Fcompany-people&apikey=ac4a623d6652bde68c4e021e607f3e0d814e0516 (Caused by SSLError(SSLCertVerificationError(1, '[SSL: CERTIFICATE_VERIFY_FAILED] certificate verify failed: self-signed certificate in certificate chain (_ssl.c:1000)')))"
LAXAPANA PLC,https://www.wsj.com/market-data/quotes/LK/XCOL/LITE.N0000/company-people,"Error scraping: HTTPSConnectionPool(host='api.zenrows.com', port=443): Max retries exceeded with url: /v1/?url=https%3A%2F%2Fwww.wsj.com%2Fmarket-data%2Fquotes%2FLK%2FXCOL%2FLITE.N0000%2Fcompany-people&apikey=ac4a623d6652bde68c4e021e607f3e0d814e0516 (Caused by SSLError(SSLCertVerificationError(1, '[SSL: CERTIFICATE_VERIFY_FAILED] certificate verify failed: self-signed certificate in certificate chain (_ssl.c:1000)')))"
ABANS ELECTRICALS PLC,https://www.wsj.com/market-data/quotes/LK/XCOL/ABAN.N0000/company-people,"Error scraping: HTTPSConnectionPool(host='api.zenrows.com', port=443): Max retries exceeded with url: /v1/?url=https%3A%2F%2Fwww.wsj.com%2Fmarket-data%2Fquotes%2FLK%2FXCOL%2FABAN.N0000%2Fcompany-people&apikey=ac4a623d6652bde68c4e021e607f3e0d814e0516 (Caused by SSLError(SSLCertVerificationError(1, '[SSL: CERTIFICATE_VERIFY_FAILED] certificate verify failed: self-signed certificate in certificate chain (_ssl.c:1000)')))"
C T LAND DEVELOPMENT PLC,https://www.wsj.com/market-data/quotes/LK/XCOL/CTLD.N0000/company-people,"Error scraping: HTTPSConnectionPool(host='api.zenrows.com', port=443): Max retries exceeded with url: /v1/?url=https%3A%2F%2Fwww.wsj.com%2Fmarket-data%2Fquotes%2FLK%2FXCOL%2FCTLD.N0000%2Fcompany-people&apikey=ac4a623d6652bde68c4e021e607f3e0d814e0516 (Caused by SSLError(SSLCertVerificationError(1, '[SSL: CERTIFICATE_VERIFY_FAILED] certificate verify failed: self-signed certificate in certificate chain (_ssl.c:1000)')))"
ROYAL PALMS BEACH HOTELS PLC,https://www.wsj.com/market-data/quotes/LK/XCOL/RPBH.N0000/company-people,"Error scraping: HTTPSConnectionPool(host='api.zenrows.com', port=443): Max retries exceeded with url: /v1/?url=https%3A%2F%2Fwww.wsj.com%2Fmarket-data%2Fquotes%2FLK%2FXCOL%2FRPBH.N0000%2Fcompany-people&apikey=ac4a623d6652bde68c4e021e607f3e0d814e0516 (Caused by SSLError(SSLCertVerificationError(1, '[SSL: CERTIFICATE_VERIFY_FAILED] certificate verify failed: self-signed certificate in certificate chain (_ssl.c:1000)')))"
ASIA SIYAKA COMMODITIES LIMITED,https://www.wsj.com/market-data/quotes/LK/XCOL/ASIYN0000/company-people,"Error scraping: HTTPSConnectionPool(host='api.zenrows.com', port=443): Max retries exceeded with url: /v1/?url=https%3A%2F%2Fwww.wsj.com%2Fmarket-data%2Fquotes%2FLK%2FXCOL%2FASIYN0000%2Fcompany-people&apikey=ac4a623d6652bde68c4e021e607f3e0d814e0516 (Caused by SSLError(SSLCertVerificationError(1, '[SSL: CERTIFICATE_VERIFY_FAILED] certificate verify failed: self-signed certificate in certificate chain (_ssl.c:1000)')))"
PEGASUS HOTELS OF CEYLON PLC,https://www.wsj.com/market-data/quotes/LK/XCOL/PEG.N0000/company-people,"Error scraping: HTTPSConnectionPool(host='api.zenrows.com', port=443): Max retries exceeded with url: /v1/?url=https%3A%2F%2Fwww.wsj.com%2Fmarket-data%2Fquotes%2FLK%2FXCOL%2FPEG.N0000%2Fcompany-people&apikey=ac4a623d6652bde68c4e021e607f3e0d814e0516 (Caused by SSLError(SSLCertVerificationError(1, '[SSL: CERTIFICATE_VERIFY_FAILED] certificate verify failed: self-signed certificate in certificate chain (_ssl.c:1000)')))"
EQUITY TWO PLC,https://www.wsj.com/market-data/quotes/LK/XCOL/ETWO.N0000/company-people,"Error scraping: HTTPSConnectionPool(host='api.zenrows.com', port=443): Max retries exceeded with url: /v1/?url=https%3A%2F%2Fwww.wsj.com%2Fmarket-data%2Fquotes%2FLK%2FXCOL%2FETWO.N0000%2Fcompany-people&apikey=ac4a623d6652bde68c4e021e607f3e0d814e0516 (Caused by SSLError(SSLCertVerificationError(1, '[SSL: CERTIFICATE_VERIFY_FAILED] certificate verify failed: self-signed certificate in certificate chain (_ssl.c:1000)')))"
GALLE FACE CAPITAL PARTNERS PLC,https://www.wsj.com/market-data/quotes/LK/XCOL/WAPO.N0000/company-people,"Error scraping: HTTPSConnectionPool(host='api.zenrows.com', port=443): Max retries exceeded with url: /v1/?url=https%3A%2F%2Fwww.wsj.com%2Fmarket-data%2Fquotes%2FLK%2FXCOL%2FWAPO.N0000%2Fcompany-people&apikey=ac4a623d6652bde68c4e021e607f3e0d814e0516 (Caused by SSLError(SSLCertVerificationError(1, '[SSL: CERTIFICATE_VERIFY_FAILED] certificate verify failed: self-signed certificate in certificate chain (_ssl.c:1000)')))"
LOTUS HYDRO POWER PLC,https://www.wsj.com/market-data/quotes/LK/XCOL/HPFLN0000/company-people,"Error scraping: HTTPSConnectionPool(host='api.zenrows.com', port=443): Max retries exceeded with url: /v1/?url=https%3A%2F%2Fwww.wsj.com%2Fmarket-data%2Fquotes%2FLK%2FXCOL%2FHPFLN0000%2Fcompany-people&apikey=ac4a623d6652bde68c4e021e607f3e0d814e0516 (Caused by SSLError(SSLCertVerificationError(1, '[SSL: CERTIFICATE_VERIFY_FAILED] certificate verify failed: self-signed certificate in certificate chain (_ssl.c:1000)')))"
TEA SMALLHOLDER FACTORIES PLC,https://www.wsj.com/market-data/quotes/LK/XCOL/TSML.N0000/company-people,"Error scraping: HTTPSConnectionPool(host='api.zenrows.com', port=443): Max retries exceeded with url: /v1/?url=https%3A%2F%2Fwww.wsj.com%2Fmarket-data%2Fquotes%2FLK%2FXCOL%2FTSML.N0000%2Fcompany-people&apikey=ac4a623d6652bde68c4e021e607f3e0d814e0516 (Caused by SSLError(SSLCertVerificationError(1, '[SSL: CERTIFICATE_VERIFY_FAILED] certificate verify failed: self-signed certificate in certificate chain (_ssl.c:1000)')))"
HVA FOODS PLC,https://www.wsj.com/market-data/quotes/LK/XCOL/HVAN0000/company-people,"Error scraping: HTTPSConnectionPool(host='api.zenrows.com', port=443): Max retries exceeded with url: /v1/?url=https%3A%2F%2Fwww.wsj.com%2Fmarket-data%2Fquotes%2FLK%2FXCOL%2FHVAN0000%2Fcompany-people&apikey=ac4a623d6652bde68c4e021e607f3e0d814e0516 (Caused by SSLError(SSLCertVerificationError(1, '[SSL: CERTIFICATE_VERIFY_FAILED] certificate verify failed: self-signed certificate in certificate chain (_ssl.c:1000)')))"
TESS AGRO PLC,https://www.wsj.com/market-data/quotes/LK/XCOL/TESS.N0000/company-people,"Error scraping: HTTPSConnectionPool(host='api.zenrows.com', port=443): Max retries exceeded with url: /v1/?url=https%3A%2F%2Fwww.wsj.com%2Fmarket-data%2Fquotes%2FLK%2FXCOL%2FTESS.N0000%2Fcompany-people&apikey=ac4a623d6652bde68c4e021e607f3e0d814e0516 (Caused by SSLError(SSLCertVerificationError(1, '[SSL: CERTIFICATE_VERIFY_FAILED] certificate verify failed: self-signed certificate in certificate chain (_ssl.c:1000)')))"
SERENDIB LAND PLC,https://www.wsj.com/market-data/quotes/LK/XCOL/SLND.N0000/company-people,"Error scraping: HTTPSConnectionPool(host='api.zenrows.com', port=443): Max retries exceeded with url: /v1/?url=https%3A%2F%2Fwww.wsj.com%2Fmarket-data%2Fquotes%2FLK%2FXCOL%2FSLND.N0000%2Fcompany-people&apikey=ac4a623d6652bde68c4e021e607f3e0d814e0516 (Caused by SSLError(SSLCertVerificationError(1, '[SSL: CERTIFICATE_VERIFY_FAILED] certificate verify failed: self-signed certificate in certificate chain (_ssl.c:1000)')))"
ACME PRINTING & PACKAGING PLC,https://www.wsj.com/market-data/quotes/LK/XCOL/ACMEN0000/company-people,"Error scraping: HTTPSConnectionPool(host='api.zenrows.com', port=443): Max retries exceeded with url: /v1/?url=https%3A%2F%2Fwww.wsj.com%2Fmarket-data%2Fquotes%2FLK%2FXCOL%2FACMEN0000%2Fcompany-people&apikey=ac4a623d6652bde68c4e021e607f3e0d814e0516 (Caused by SSLError(SSLCertVerificationError(1, '[SSL: CERTIFICATE_VERIFY_FAILED] certificate verify failed: self-signed certificate in certificate chain (_ssl.c:1000)')))"
AGSTAR PLC,https://www.wsj.com/market-data/quotes/LK/XCOL/AGST.N0000/company-people,"Error scraping: HTTPSConnectionPool(host='api.zenrows.com', port=443): Max retries exceeded with url: /v1/?url=https%3A%2F%2Fwww.wsj.com%2Fmarket-data%2Fquotes%2FLK%2FXCOL%2FAGST.N0000%2Fcompany-people&apikey=ac4a623d6652bde68c4e021e607f3e0d814e0516 (Caused by SSLError(SSLCertVerificationError(1, '[SSL: CERTIFICATE_VERIFY_FAILED] certificate verify failed: self-signed certificate in certificate chain (_ssl.c:1000)')))"
RADIANT GEMS INTERNATIONAL PLC,https://www.wsj.com/market-data/quotes/LK/XCOL/RGEMN0000/company-people,"Error scraping: HTTPSConnectionPool(host='api.zenrows.com', port=443): Max retries exceeded with url: /v1/?url=https%3A%2F%2Fwww.wsj.com%2Fmarket-data%2Fquotes%2FLK%2FXCOL%2FRGEMN0000%2Fcompany-people&apikey=ac4a623d6652bde68c4e021e607f3e0d814e0516 (Caused by SSLError(SSLCertVerificationError(1, '[SSL: CERTIFICATE_VERIFY_FAILED] certificate verify failed: self-signed certificate in certificate chain (_ssl.c:1000)')))"
RENUKA FOODS PLC,https://www.wsj.com/market-data/quotes/LK/XCOL/RHLN0000/company-people,"Error scraping: HTTPSConnectionPool(host='api.zenrows.com', port=443): Max retries exceeded with url: /v1/?url=https%3A%2F%2Fwww.wsj.com%2Fmarket-data%2Fquotes%2FLK%2FXCOL%2FRHLN0000%2Fcompany-people&apikey=ac4a623d6652bde68c4e021e607f3e0d814e0516 (Caused by SSLError(SSLCertVerificationError(1, '[SSL: CERTIFICATE_VERIFY_FAILED] certificate verify failed: self-signed certificate in certificate chain (_ssl.c:1000)')))"
TESS AGRO PLC,https://www.wsj.com/market-data/quotes/LK/XCOL/TESS.N0000/company-people,"Error scraping: HTTPSConnectionPool(host='api.zenrows.com', port=443): Max retries exceeded with url: /v1/?url=https%3A%2F%2Fwww.wsj.com%2Fmarket-data%2Fquotes%2FLK%2FXCOL%2FTESS.N0000%2Fcompany-people&apikey=ac4a623d6652bde68c4e021e607f3e0d814e0516 (Caused by SSLError(SSLCertVerificationError(1, '[SSL: CERTIFICATE_VERIFY_FAILED] certificate verify failed: self-signed certificate in certificate chain (_ssl.c:1000)')))"
SERENDIB ENGINEERING GROUP PLC,https://www.wsj.com/market-data/quotes/LK/XCOL/IDLN0000/company-people,"Error scraping: HTTPSConnectionPool(host='api.zenrows.com', port=443): Max retries exceeded with url: /v1/?url=https%3A%2F%2Fwww.wsj.com%2Fmarket-data%2Fquotes%2FLK%2FXCOL%2FIDLN0000%2Fcompany-people&apikey=ac4a623d6652bde68c4e021e607f3e0d814e0516 (Caused by SSLError(SSLCertVerificationError(1, '[SSL: CERTIFICATE_VERIFY_FAILED] certificate verify failed: self-signed certificate in certificate chain (_ssl.c:1000)')))"
